{"cameraMode":{"drawMode":0,"name":"Shaded","section":"Shading Mode"},"sceneLighting":true,"audioPlay":false,"sceneViewState":{"m_AlwaysRefresh":false,"showFog":true,"showSkybox":true,"showFlares":true,"showImageEffects":true,"showParticleSystems":true,"showVisualEffectGraphs":true,"m_FxEnabled":true},"in2DMode":false,"pivot":{"x":0.04222087562084198,"y":0.9444308280944824,"z":0.628206729888916},"rotation":{"x":0.17753654718399049,"y":0.018001113086938859,"z":-0.0034046093933284284,"w":0.9840487837791443},"size":2.348662853240967,"orthographic":false}