{"cameraMode":{"drawMode":0,"name":"Shaded","section":"Shading Mode"},"sceneLighting":true,"audioPlay":false,"sceneViewState":{"m_AlwaysRefresh":false,"showFog":true,"showSkybox":true,"showFlares":true,"showImageEffects":true,"showParticleSystems":true,"showVisualEffectGraphs":true,"m_FxEnabled":true},"in2DMode":false,"pivot":{"x":-0.03500927984714508,"y":-1.674797773361206,"z":2.4992411136627199},"rotation":{"x":0.27922531962394717,"y":-0.07306467741727829,"z":0.021327881142497064,"w":0.9573379755020142},"size":10.875016212463379,"orthographic":false}