{"cameraMode":{"drawMode":0,"name":"Shaded","section":"Shading Mode"},"sceneLighting":false,"audioPlay":false,"sceneViewState":{"m_AlwaysRefresh":false,"showFog":true,"showSkybox":false,"showFlares":true,"showImageEffects":true,"showParticleSystems":true,"showVisualEffectGraphs":true,"m_FxEnabled":true},"in2DMode":false,"pivot":{"x":-3.6500000953674318,"y":1.3499999046325684,"z":-1.059999942779541},"rotation":{"x":0.32550594210624697,"y":0.25537052750587466,"z":-0.09189105778932572,"w":0.9058638215065002},"size":1.2247447967529297,"orthographic":false}